id_victima_perfil;rango_etario;sexo_victima;rol_victima;modo_desplazamiento_victima
1;18-25;F;CICLISTA;BICICLETA
2;Menores de 18;F;CICLISTA;BICICLETA
3;26-35;F;CICLISTA;BICICLETA
4;36-45;F;CICLISTA;BICICLETA
5;46-60;F;CICLISTA;BICICLETA
6;Sin dato;F;CICLISTA;BICICLETA
7;Mayores de 60;F;CICLISTA;BICICLETA
8;26-35;F;CONDUCTOR;MOTO
9;Mayores de 60;F;CONDUCTOR;AUTO
10;46-60;F;CONDUCTOR;MOTO
11;18-25;F;CONDUCTOR;MOTO
12;36-45;F;CONDUCTOR;MOTO
13;18-25;F;conductor;MOTO
14;Mayores de 60;F;PASAJERO;AUTO
15;26-35;F;PASAJERO;MOTO
16;Sin dato;F;PASAJERO;MOTO
17;18-25;F;PASAJERO;MOTO
18;Mayores de 60;F;PASAJERO;TRANSPORTE PUBLICO
19;36-45;F;PASAJERO;AUTO
20;26-35;F;PASAJERO;AUTO
21;36-45;F;PASAJERO;MOTO
22;Menores de 18;F;PASAJERO;AUTO
23;46-60;F;PASAJERO;AUTO
24;46-60;F;PASAJERO;MOTO
25;36-45;F;PASAJERO;UTILITARIO
26;Mayores de 60;F;PEATON;PEATON
27;Menores de 18;F;PEATON;PEATON
28;36-45;F;PEATON;PEATON
29;26-35;F;PEATON;PEATON
30;46-60;F;PEATON;PEATON
31;Sin dato;F;PEATON;PEATON
32;18-25;F;PEATON;PEATON
33;Menores de 18;F;SD;SD
34;18-25;F;SD;SD
35;26-35;F;SD;SD
36;36-45;F;SD;SD
37;Mayores de 60;F;SD;SD
38;46-60;F;SD;SD
39;Sin dato;F;SD;SD
40;36-45;F;SD;AUTO
41;Sin dato;F;SD;AUTO
42;26-35;F;SD;TAXI
43;46-60;F;SD;AUTO
44;26-35;F;SD;AUTO
45;36-45;F;SD;MOTO
46;26-35;F;SD;TRANSPORTE PUBLICO
47;Menores de 18;F;SD;AUTO
48;26-35;F;SD;MOTO
49;Mayores de 60;F;SD;AUTO
50;Mayores de 60;F;SD;TAXI
51;46-60;F;SD;MOTO
52;18-25;F;SD;MOTO
53;Sin dato;F;SD;MOTO
54;Mayores de 60;F;SD;MOTO
55;18-25;F;SD;AUTO
56;18-25;F;SD;TRANSPORTE PUBLICO
57;36-45;F;SD;TRANSPORTE PUBLICO
58;46-60;F;SD;TRANSPORTE PUBLICO
59;36-45;F;SD;TAXI
60;Menores de 18;F;SD;MOTO
61;46-60;F;SD;UTILITARIO
62;Menores de 18;F;SD;UTILITARIO
63;26-35;F;SD;UTILITARIO
64;Mayores de 60;F;SD;TRANSPORTE PUBLICO
65;36-45;F;SD;UTILITARIO
66;26-35;F;SD;MOVIL
67;46-60;F;SD;TAXI
68;36-45;F;SD;MOVIL
69;Sin dato;F;SD;TAXI
70;Sin dato;F;SD;TRANSPORTE PUBLICO
71;Menores de 18;F;SD;TRANSPORTE PUBLICO
72;18-25;F;SD;TAXI
73;18-25;F;SD;UTILITARIO
74;Sin dato;F;SD;MONOPATIN
75;46-60;F;SD;MONOPATIN
76;36-45;F;SD;OTRO
77;Sin dato;F;SD;UTILITARIO
78;46-60;F;SD;CAMION
79;26-35;F;SD;CAMION
80;18-25;F;SD;MONOPATIN
81;26-35;F;SD;MONOPATIN
82;Mayores de 60;F;SD;MOVIL
83;Mayores de 60;F;SD;UTILITARIO
84;36-45;F;SD;MONOPATIN
85;Menores de 18;F;SD;OTRO
86;18-25;F;SD;MOVIL
87;Menores de 18;F;SD;TAXI
88;Mayores de 60;F;SD;CAMION
89;26-35;F;SD;moto
90;Sin dato;F;SD;moto
91;Sin dato;F;SD;auto
92;36-45;F;SD;moto
93;46-60;F;SD;moto
94;18-25;F;SD;moto
95;Sin dato;F;SD;MOVIL
96;36-45;F;SD;auto
97;Menores de 18;F;SD;auto
98;26-35;F;SD;auto
99;Sin dato;F;SD;monopatin
100;18-25;F;SD;auto
101;Sin dato;F;SD;CAMION
102;Mayores de 60;F;SD;MONOPATIN
103;46-60;F;SD;MOVIL
104;Menores de 18;F;SD;CAMION
105;36-45;F;SD;CAMION
106;18-25;F;SD;CAMION
107;Sin dato;F;SD;MIXTO
108;46-60;F;SD;MIXTO
109;Mayores de 60;F;SD;MIXTO
110;36-45;F;SD;MIXTO
111;26-35;F;SD;MIXTO
112;18-25;F;SD;MIXTO
113;46-60;F;SD;OTRO
114;Mayores de 60;F;SD;OTRO
115;26-35;F;SD;OTRO
116;Menores de 18;F;SD;MONOPATIN
117;18-25;F;CONDUCTOR;AUTO
118;36-45;F;Conductor;AUTO
119;26-35;F;Conductor;MOTO
120;Mayores de 60;F;Pasajero;AUTO
121;18-25;F;Pasajero;MOTO
122;Menores de 18;F;SD;MIXTO
123;26-35;M;CICLISTA;BICICLETA
124;46-60;M;CICLISTA;BICICLETA
125;Menores de 18;M;CICLISTA;BICICLETA
126;18-25;M;CICLISTA;BICICLETA
127;36-45;M;CICLISTA;BICICLETA
128;Mayores de 60;M;CICLISTA;BICICLETA
129;Sin dato;M;CICLISTA;BICICLETA
130;18-25;M;CONDUCTOR;MOTO
131;26-35;M;CONDUCTOR;AUTO
132;Mayores de 60;M;CONDUCTOR;AUTO
133;36-45;M;CONDUCTOR;MOTO
134;26-35;M;CONDUCTOR;MOTO
135;Mayores de 60;M;CONDUCTOR;MOTO
136;18-25;M;CONDUCTOR;AUTO
137;Sin dato;M;CONDUCTOR;MOTO
138;Menores de 18;M;CONDUCTOR;MOTO
139;46-60;M;CONDUCTOR;MOTO
140;36-45;M;CONDUCTOR;AUTO
141;46-60;M;CONDUCTOR;AUTO
142;Sin dato;M;CONDUCTOR;AUTO
143;Mayores de 60;M;CONDUCTOR;TAXI
144;Mayores de 60;M;CONDUCTOR;UTILITARIO
145;26-35;M;Conductor;MOTO
146;18-25;M;Conductor;MOTO
147;26-35;M;Conductor;AUTO
148;46-60;M;Conductor;CAMION
149;36-45;M;CONDUCTOR;CAMION
150;46-60;M;CONDUCTOR;CAMION
151;26-35;M;conductor;MOTO
152;46-60;M;conductor;MOTO
153;18-25;M;conductor;MOTO
154;36-45;M;conductor;MOTO
155;36-45;M;conductor;MOVIL
156;46-60;M;conductor;AUTO
157;26-35;M;conductor;AUTO
158;Mayores de 60;M;conductor;MOTO
159;26-35;M;conductor;MONOPATIN
160;Sin dato;M;PASAJERO;AUTO
161;46-60;M;PASAJERO;UTILITARIO
162;Sin dato;M;PASAJERO;MOTO
163;36-45;M;PASAJERO;AUTO
164;26-35;M;PASAJERO;AUTO
165;18-25;M;PASAJERO;MOTO
166;Mayores de 60;M;PASAJERO;TRANSPORTE PUBLICO
167;18-25;M;PASAJERO;UTILITARIO
168;46-60;M;PASAJERO;MOTO
169;36-45;M;PASAJERO;MOTO
170;36-45;M;PASAJERO;TRANSPORTE PUBLICO
171;26-35;M;PASAJERO;TRANSPORTE PUBLICO
172;26-35;M;PASAJERO;MOTO
173;26-35;M;PASAJERO;CAMION
174;46-60;M;PASAJERO;CAMION
175;Mayores de 60;M;PASAJERO;MOVIL
176;26-35;M;PEATON;PEATON
177;46-60;M;PEATON;PEATON
178;Sin dato;M;PEATON;PEATON
179;Menores de 18;M;PEATON;PEATON
180;Mayores de 60;M;PEATON;PEATON
181;36-45;M;PEATON;PEATON
182;18-25;M;PEATON;PEATON
183;46-60;M;SD;MOTO
184;18-25;M;SD;SD
185;26-35;M;SD;SD
186;36-45;M;SD;SD
187;46-60;M;SD;SD
188;Sin dato;M;SD;SD
189;26-35;M;SD;MOTO
190;Mayores de 60;M;SD;SD
191;Menores de 18;M;SD;SD
192;Menores de 18;M;SD;MOTO
193;18-25;M;SD;MOTO
194;36-45;M;SD;MOTO
195;26-35;M;SD;AUTO
196;36-45;M;SD;AUTO
197;Mayores de 60;M;SD;AUTO
198;26-35;M;SD;TAXI
199;26-35;M;SD;TRANSPORTE PUBLICO
200;Menores de 18;M;SD;AUTO
201;46-60;M;SD;AUTO
202;Mayores de 60;M;SD;MOTO
203;Sin dato;M;SD;AUTO
204;18-25;M;SD;AUTO
205;Sin dato;M;SD;MOTO
206;18-25;M;SD;TRANSPORTE PUBLICO
207;36-45;M;SD;TRANSPORTE PUBLICO
208;Menores de 18;M;SD;TAXI
209;Mayores de 60;M;SD;TAXI
210;Mayores de 60;M;SD;TRANSPORTE PUBLICO
211;26-35;M;SD;UTILITARIO
212;46-60;M;SD;TRANSPORTE PUBLICO
213;18-25;M;SD;CAMION
214;36-45;M;SD;UTILITARIO
215;26-35;M;SD;MONOPATIN
216;Menores de 18;M;SD;TRANSPORTE PUBLICO
217;26-35;M;SD;MOVIL
218;36-45;M;SD;MOVIL
219;46-60;M;SD;TAXI
220;Sin dato;M;SD;TAXI
221;36-45;M;SD;TAXI
222;36-45;M;SD;CAMION
223;Sin dato;M;SD;TRANSPORTE PUBLICO
224;Menores de 18;M;SD;CAMION
225;46-60;M;SD;UTILITARIO
226;Mayores de 60;M;SD;UTILITARIO
227;18-25;M;SD;UTILITARIO
228;26-35;M;SD;CAMION
229;36-45;M;SD;MONOPATIN
230;46-60;M;SD;MOVIL
231;Mayores de 60;M;SD;MOVIL
232;18-25;M;SD;MOVIL
233;Sin dato;M;SD;MOVIL
234;46-60;M;SD;CAMION
235;18-25;M;SD;MONOPATIN
236;18-25;M;SD;TAXI
237;46-60;M;SD;MONOPATIN
238;26-35;M;SD;OTRO
239;Sin dato;M;SD;UTILITARIO
240;Menores de 18;M;SD;UTILITARIO
241;Mayores de 60;M;SD;PEATON
242;46-60;M;SD;OTRO
243;Menores de 18;M;SD;OTRO
244;18-25;M;SD;OTRO
245;Mayores de 60;M;SD;OTRO
246;Mayores de 60;M;SD;CAMION
247;Sin dato;M;SD;MONOPATIN
248;Sin dato;M;SD;CAMION
249;46-60;M;SD;moto
250;Sin dato;M;SD;moto
251;46-60;M;SD;auto
252;26-35;M;SD;moto
253;36-45;M;SD;moto
254;Sin dato;M;SD;auto
255;36-45;M;SD;auto
256;18-25;M;SD;moto
257;Mayores de 60;M;SD;auto
258;18-25;M;SD;auto
259;26-35;M;SD;auto
260;Menores de 18;M;SD;auto
261;26-35;M;SD;camion
262;26-35;M;SD;monopatin
263;Menores de 18;M;SD;MOVIL
264;Mayores de 60;M;SD;MONOPATIN
265;36-45;M;SD;OTRO
266;Sin dato;M;SD;OTRO
267;36-45;M;SD;MIXTO
268;Sin dato;M;SD;MIXTO
269;26-35;M;SD;MIXTO
270;18-25;M;SD;MIXTO
271;Mayores de 60;M;SD;MIXTO
272;46-60;M;SD;MIXTO
273;46-60;M;Conductor;AUTO
274;Mayores de 60;M;Conductor;AUTO
275;36-45;M;Conductor;MOTO
276;46-60;M;Conductor;MOTO
277;Mayores de 60;M;Conductor;MOTO
278;36-45;M;Conductor;MOVIL
279;Sin dato;M;Conductor;UTILITARIO
280;Menores de 18;M;Pasajero;UTILITARIO
281;Menores de 18;M;SD;MIXTO
282;Menores de 18;M;SD;MONOPATIN
283;Sin dato;SD;CICLISTA;BICICLETA
284;46-60;SD;CICLISTA;BICICLETA
285;36-45;SD;CICLISTA;BICICLETA
286;18-25;SD;CICLISTA;BICICLETA
287;26-35;SD;CICLISTA;BICICLETA
288;Mayores de 60;SD;CICLISTA;BICICLETA
289;Menores de 18;SD;CICLISTA;BICICLETA
290;Sin dato;SD;Conductor;MOTO
291;Sin dato;SD;PEATON;PEATON
292;46-60;SD;PEATON;PEATON
293;Mayores de 60;SD;PEATON;PEATON
294;26-35;SD;PEATON;PEATON
295;36-45;SD;PEATON;PEATON
296;18-25;SD;PEATON;PEATON
297;Sin dato;SD;PEATON;peaton
298;Menores de 18;SD;PEATON;PEATON
299;Sin dato;SD;SD;SD
300;Menores de 18;SD;SD;SD
301;18-25;SD;SD;SD
302;26-35;SD;SD;SD
303;Mayores de 60;SD;SD;SD
304;36-45;SD;SD;AUTO
305;Sin dato;SD;SD;AUTO
306;Sin dato;SD;SD;MOTO
307;36-45;SD;SD;MOTO
308;Sin dato;SD;SD;TAXI
309;Menores de 18;SD;SD;UTILITARIO
310;46-60;SD;SD;TRANSPORTE PUBLICO
311;26-35;SD;SD;TRANSPORTE PUBLICO
312;Sin dato;SD;SD;TRANSPORTE PUBLICO
313;Sin dato;SD;SD;MOVIL
314;Menores de 18;SD;SD;MOTO
315;Sin dato;SD;SD;UTILITARIO
316;Sin dato;SD;SD;MONOPATIN
317;18-25;SD;SD;MOTO
318;Mayores de 60;SD;SD;TRANSPORTE PUBLICO
319;36-45;SD;SD;TRANSPORTE PUBLICO
320;26-35;SD;SD;AUTO
321;Sin dato;SD;SD;CAMION
322;26-35;SD;SD;MOTO
323;18-25;SD;SD;UTILITARIO
324;Mayores de 60;SD;SD;MOTO
325;46-60;SD;SD;MOTO
326;36-45;SD;SD;SD
327;36-45;SD;SD;MOVIL
328;Mayores de 60;SD;SD;AUTO
329;46-60;SD;SD;SD
330;18-25;SD;SD;TRANSPORTE PUBLICO
331;18-25;SD;SD;AUTO
332;Sin dato;SD;SD;OTRO
333;Sin dato;SD;SD;moto
334;Sin dato;SD;SD;auto
335;Menores de 18;SD;SD;AUTO
336;Sin dato;SD;sd;TRANSPORTE PUBLICO
337;Sin dato;SD;sd;SD
338;Sin dato;SD;sd;MOTO
339;46-60;SD;SD;AUTO
340;Menores de 18;SD;SD;TRANSPORTE PUBLICO
341;46-60;SD;SD;TAXI
342;36-45;SD;SD;TAXI
343;26-35;SD;SD;UTILITARIO
344;26-35;SD;SD;OTRO
345;26-35;SD;SD;MOVIL
346;26-35;SD;SD;TAXI
347;46-60;SD;SD;MOVIL
348;Mayores de 60;SD;SD;MOVIL
349;46-60;SD;SD;UTILITARIO
350;Sin dato;SD;SD;MIXTO
351;36-45;SD;SD;UTILITARIO
352;Mayores de 60;SD;SD;MIXTO
353;Mayores de 60;SD;SD;TAXI
354;36-45;SD;SD;OTRO
355;Menores de 18;SD;SD;MOVIL
356;46-60;SD;SD;CAMION
357;Sin dato;;;
